,created_at,text,link
0,2022-11-10T21:30:00.000Z,Looking to fill some cyber roles at your company? Join Cyber Job Central today and post your first job for free! https://t.co/agBMUZrDrV #cyberjobs #candidates #hiring #cybersecurity #informationsecurity #jobseekers #infosec #data #security #jobs #talent #cyber #cyberjobcentral https://t.co/b7cmLedoMS,https://twitter.com/i/web/status/1590819086560538624
1,2022-11-10T21:01:31.000Z,"Attention Data Nerds: @kimikay  is hiring and you should apply for this job.

#jobs #hiring #data https://t.co/kg4DaiztvA",https://twitter.com/i/web/status/1590811918805389313
2,2022-11-10T20:06:20.000Z,".@tectone23  is hiring a Co-founder and CTO 

ğŸ’¼Tech
ğŸ“London
â°Full Time
Tectone23 is an early-stage software start-up looking to address mobile data privacy problem, like Brave but for operating systems.

#hiring #CTO #Python #Manager #web3 #Jobs #data 
https://t.co/v8dvE3xFg8",https://twitter.com/i/web/status/1590798030714081281
3,2022-11-10T19:25:00.000Z,"There are plenty of jobs available in tech nowadays, but perhaps none are as vital as security. https://t.co/ViYPmUwKVi #cyberjobs #cybersecurity #informationsecurity #data #security #breach #hacker #hacked #cyberattack #jobs #IT #technology #didyouknow #hiring #cyber #infosec https://t.co/GhMNimab4C",https://twitter.com/i/web/status/1590787629724876803
4,2022-11-10T17:02:00.000Z,"ğŸ¯The Top 10 #datascience myths debunked!

#data #bigdata #predictiveanalytics #python #javascript #cloud #artificialintelligence #technology #analytics #jobs #100daysofcode #womenwhocode #machinelearning #coding #programming #hiring #deeplearning #software https://t.co/FdYGYiiI08",https://twitter.com/i/web/status/1590751639891513345
5,2022-11-10T17:00:01.000Z,"Create your own luck, don't wait for it. https://t.co/t1ibea4nlk #motivation #opportunity #quote #cyberjobcentral #cyberjobs #jobseeker #hiring #jobs #cyber #infosec #data #hacking #cybersecurity #apply #luck #create https://t.co/APbEwFYLyQ",https://twitter.com/i/web/status/1590751140529860615
6,2022-11-10T15:47:50.000Z,"Job Alert! ğŸš¨Weâ€™re looking for PhD-level Social Scientists to help use evidence and data to meet DCâ€™s most critical problems. Apply by November 21, 2022. https://t.co/Cgyvt9ba2j 
#data #evidence #government #hiring #jobopening",https://twitter.com/i/web/status/1590732977423945729
7,2022-11-10T15:39:13.000Z,"Looking for a fantastic career opportunity? The Technology Operations team at @shiftparadigmco  solves complex process and #data orchestration challenges to drive revenue solutions for the Fortune 1000, and we want YOU to join our team! 
https://t.co/pFUhswUvnR 
#SFMCjobs #hiring https://t.co/sLBlsT6eho",https://twitter.com/i/web/status/1590730806166974464
8,2022-11-10T14:50:00.000Z,Networking tip #4! https://t.co/ueRK97itcA #networking #tips #cyberjobs #cybersecurity #success #infosec #data #hiring #cyberjobcentral #network #technology #connection #cyber https://t.co/qyHsfhGbNY,https://twitter.com/i/web/status/1590718423704608769
9,2022-11-10T14:13:57.000Z,"#recrutement #Hiring des #Entreprises #ETI #Startup Recrutent ! partout #France #IT #Digital #IOT #Cloud #Devops #ETL #Data #IA #cyber #JEE #Azure #AWS #Digital #SupplyChain #WMS #MES #Environnement #Industrie 
TrÃ¨s bon Salon ! @MIF_Expo 
@ParisJeTeQuitte
alain.paysant@alfene.com https://t.co/ojqfDzwFX3",https://twitter.com/i/web/status/1590709349458268161
10,2022-11-10T13:30:00.000Z,There is still time to #apply for CSCâ€™s #data support specialist position. Support data systems for organizations like @PADeptofEd. Support providers with #training and #technicalassistance. Apply by Nov. 16. https://t.co/pfnRYm3HXy #hiring #technology https://t.co/RGeqNuvjlw,https://twitter.com/i/web/status/1590698290533867521
11,2022-11-10T12:54:43.000Z,#hiring #aramex #dataanalyst #dataanalytics #data https://t.co/eEVhLQ7w6v,https://twitter.com/i/web/status/1590689411649658881
12,2022-11-10T11:01:22.000Z,"Hiring: Director of Engineering

We are looking for a talented engineering leader who has a passion for building and shipping great database products and services.

Apply here: https://t.co/0wlRYSJOtc

#hiring #nosql #startups #jobslert #data #engineering #leadership #techjobs https://t.co/qD5WWKhWqJ",https://twitter.com/i/web/status/1590660883369586689
13,2022-11-10T10:29:37.000Z,"Ø§Ù„Ø£Ø³Ù‡Ù… Ø§Ù„Ø¢Ø³ÙŠÙˆÙŠØ© ØªÙ†Ø®ÙØ¶ ÙˆØ§Ù„Ø¹Ù…Ù„Ø§Øª Ø§Ù„Ù…Ø´ÙØ±Ø© ØªÙˆÙ‚Ù Ù†Ø²ÙŠÙ Ø§Ù„Ø®Ø³Ø§Ø¦Ø±.
""Ø¨ØªÙƒÙˆÙŠÙ†"" Ø§Ø±ØªÙØ¹Øª 3.8% Ùˆ""Ø¥ÙŠØ«Ø±ÙŠÙˆÙ…"" ØµØ¹Ø¯Øª 5.7%

#stocks #tax #data #webradio #millennials #manager #campaign #bitcoin #forex #markets 
#finances #business #market #money #jobs #ministry #work #hiring #job #news #finance https://t.co/sB0RgeW3Wc",https://twitter.com/i/web/status/1590652894650372096
14,2022-11-10T08:37:12.000Z,#oracle and #infor former colleagues affected by RIF #king.com is #hiring #data scientists #marketingjobs #engineers #developers https://t.co/st5tpRRqYb,https://twitter.com/i/web/status/1590624604480884736
15,2022-11-10T08:14:01.000Z,RT @shaikmoin80: The budget planning analytics projects boosts your #Hiring chances. #DataScience #MachineLearning  #Analytics #AI #ML #Tech #IIoT #Python #TensorFlow #Java #ReactJS #DataScientist #Programming #Coding #womenintech #100DaysofCode #CodeNewbies #javascript #Javâ€¦,https://twitter.com/i/web/status/1590618767721390080
16,2022-11-10T07:52:47.000Z,The budget planning analytics projects boosts your #Hiring chances. #DataScience #MachineLearning  #Analytics #AI #ML #Tech #IIoT #Python #TensorFlow #Java #ReactJS #DataScientist #Programming #Coding #womenintech #100DaysofCode #CodeNewbies #javascript #Java #SQL #linux,https://twitter.com/i/web/status/1590613426203938816
17,2022-11-10T00:31:13.000Z,"@WSUSpokane is now #hiring for their Curriculum Management #Data Consultant position! Continuously monitor the academic performance of the medical education program through the acquisition, synthesis and dissemination for key indicators. Learn more here: https://t.co/2wcc6LYm6N https://t.co/6MydhkWe7E",https://twitter.com/i/web/status/1590502303660134400
